Workbook

Sheet 9 Checks
A1: Group | B1: # | C1: Check | D1: Demand Planning | E1: Distributor Service | F1: Operations Intelligence
A2: Kill switch | B2: 01 | C2: Problem real? | D2: Yes. Rs 28-34L lost every quarter to stockouts and write-offs; forecasts 3-4 weeks stale. | E2: Yes. 3 distributors lost; Nashik account cut orders 30%. Root cause was a missed notification (process failure), not volume. | F2: Yes. Rs 9L write-off, but a single incident in 3 months.
A3: Kill switch | B3: 02 | C3: Workflow repeated? | D3: Yes. Monthly, 2 days, 400 SKUs; Raghav wants twice a week. | E3: Yes. 50-80 messages a day. | F3: Yes. Every Monday, 4 hours, same 12 metrics for 2 years.
A4: Kill switch | B4: 03 | C4: Input available? | D4: Yes. 3 years of structured SAP data; seed files confirm it. | E4: No. No WhatsApp archive, categories or response times. Stop: fix data capture first. | F4: Yes. 2 years of clean SAP data; metrics well defined.
A5: Sizing | B5: 04 | C5: Output valuable? | D5: Yes. Per-SKU decision (reorder / 1.5x / pause) procurement acts on. | E5: Partial. Real loss (missed scheme) needs a broadcast process, not a bot. | F5: Partial. Faster dashboard alone changes nothing; bottleneck is who acts.
A6: Sizing | B6: 05 | C6: Impact measurable? | D6: Yes. Baselines exist: stockout Rs, write-off Rs, cycle time, % automated. | E6: No. No baselines for response time, resolution or query mix. | F6: Partial. Alert-to-action time measurable going forward only.
A7: Sizing | B7: 08 | C7: ROI worth it? | D7: Yes. 80-85% of logic already written; 20% error cut ~ Rs 5.6-6.8L/qtr (Rs 22-27L/yr) vs Rs 15L budget. | E7: Unknown. High upside but cannot be sized without data. | F7: Partial. Saves 4 hrs/week; avoided losses occasional.
A8: Boundary | B8: 06 | C8: Failure risk OK? | D8: Partial. Wrong reorder = stockout or write-off. Human approval before any order is placed. | E8: No. Wrong credit/scheme answer damages the relationship. Human reviews replies. | F8: Yes. Alerts are informational only.
A9: Boundary | B9: 07 | C9: Judgment protected? | D9: Partial. 15-20% of cases need Raghav. Exceptions go to Raghav. | E9: Partial. Relationships and escalations stay with CS rep. | F9: Yes. CEO and procurement still decide.
A10: Boundary | B10: 09 | C10: Owner clear? | D10: Yes. Raghav owns recommendations; procurement owns orders; Deepa owns rules. | E10: Partial. CS lead exists but no leave handover process. | F10: No. Nobody owns acting when a metric moves. Name an owner first.
C11: Count of Yes | D11: =COUNTIF(D2:D10,"Yes*")&" / 9" -> 7 / 9 | E11: =COUNTIF(E2:E10,"Yes*")&" / 9" -> 2 / 9 | F11: =COUNTIF(F2:F10,"Yes*")&" / 9" -> 5 / 9
C12: Kill-switch No? | D12: =IF(COUNTIF(D2:D4,"No*")>0,"Yes","No") -> No | E12: =IF(COUNTIF(E2:E4,"No*")>0,"Yes","No") -> Yes | F12: =IF(COUNTIF(F2:F4,"No*")>0,"Yes","No") -> No
C13: Verdict | D13: BUILD FIRST | E13: DON'T BUILD (YET): log WhatsApp queries for 6 weeks, then re-run checks | F13: BUILD SMALLER, LATER: name an owner + daily review, then a simple SAP threshold alert
A15: Rule: Kill switches (01-03) any No = don't build. Sizing (04,05,08) any No = build smaller. Boundary (06,07,09) any No = put a human exactly here.

Sheet Recommendations
A1: SKU | B1: Product | C1: Perishability | D1: On hand | E1: Std reorder qty | F1: 4-wk avg | G1: 12-wk avg | H1: Trend | I1: Adj. weekly demand | J1: Weeks of stock | K1: Min cover | L1: Max cover | M1: High demand? | N1: Stockout risk? | O1: Overstock risk? | P1: Status | Q1: Action | R1: Recommended qty | S1: Weeks after order | T1: Send to Raghav? | U1: Reason | V1: Raghav decision | W1: Override qty | X1: Final qty to procurement | Y1: Distributor ID
A2: =SKU_Master!A2 -> SKU001 | B2: =SKU_Master!B2 -> Freshroots Mango Drink 200ml | C2: =SKU_Master!D2 -> Low | D2: =INDEX(Inventory!$C:$C,MATCH(A2,Inventory!$A:$A,0)) -> 900 | E2: =SKU_Master!E2 -> 500 | F2: =SUMIFS(Sales_Wide!$B2:$Q2,Sales_Wide!$B$18:$Q$18,">"&(16-Rules!$B$13))/Rules!$B$13 -> 261 | G2: =SUMIFS(Sales_Wide!$B2:$Q2,Sales_Wide!$B$18:$Q$18,">"&(16-Rules!$B$14))/Rules!$B$14 -> 214.91667 | H2: =F2/G2-1 -> 0.2144242 | I2: =G2*Rules!$B$6 -> 268.64583 | J2: =D2/I2 -> 3.3501357 | K2: =IF(C2="High",Rules!$B$11,Rules!$B$9) -> 6 | L2: =IF(C2="High",Rules!$B$12,Rules!$B$10) -> 14 | M2: =H2>Rules!$B$7 -> TRUE | N2: =J2<K2 -> TRUE | O2: =J2>L2 -> FALSE | P2: =IF(O2,"Overstock risk",IF(AND(M2,N2),"High demand + Stockout risk",IF(N2,"Stockout risk",IF(M2,"High demand","Healthy")))) -> High demand + Stockout risk | Q2: =IF(O2,"Pause next order",IF(OR(M2,N2),"Reorder immediately","No action")) -> Reorder immediately | R2: =IF(O2,0,IF(M2,E2*Rules!$B$8,IF(N2,E2,0))) -> 750 | S2: =(D2+R2)/I2 -> 6.1419155 | T2: =IF(OR(AND(M2,O2),AND(M2,Rules!$B$4),AND(R2>0,S2<K2),AND(R2>0,S2>L2)),"YES","No") -> YES | U2: =IF(T2="YES",IF(AND(M2,O2),"High demand but overstocked: rules disagree.",IF(AND(M2,Rules!$B$4),"High demand in a festival month: 1.5x reorder and +25% boost may double-count the spike.",IF(AND(R2>0,S2<K2),"Standard qty leaves cover below minimum.","Cover after order exceeds maximum."))),IF(O2,"Cover above maximum: pause next order.",IF(R2>0,"Within limits after reorder: rule-based.","Stock within limits."))) -> High demand in a festival month: 1.5x reorder and +25% boost may double-count the spike. | X2: =IF(W2<>"",W2,IF(V2="Reject",0,IF(AND(T2="YES",V2=""),0,R2))) -> 0 | Y2: =SKU_Master!G2 -> DIST001
A3: =SKU_Master!A3 -> SKU002 | B3: =SKU_Master!B3 -> Freshroots Oats Cookies 150g | C3: =SKU_Master!D3 -> Low | D3: =INDEX(Inventory!$C:$C,MATCH(A3,Inventory!$A:$A,0)) -> 1200 | E3: =SKU_Master!E3 -> 200 | F3: =SUMIFS(Sales_Wide!$B3:$Q3,Sales_Wide!$B$18:$Q$18,">"&(16-Rules!$B$13))/Rules!$B$13 -> 83.75 | G3: =SUMIFS(Sales_Wide!$B3:$Q3,Sales_Wide!$B$18:$Q$18,">"&(16-Rules!$B$14))/Rules!$B$14 -> 83.75 | H3: =F3/G3-1 -> 0 | I3: =G3*Rules!$B$6 -> 104.6875 | J3: =D3/I3 -> 11.462687 | K3: =IF(C3="High",Rules!$B$11,Rules!$B$9) -> 6 | L3: =IF(C3="High",Rules!$B$12,Rules!$B$10) -> 14 | M3: =H3>Rules!$B$7 -> FALSE | N3: =J3<K3 -> FALSE | O3: =J3>L3 -> FALSE | P3: =IF(O3,"Overstock risk",IF(AND(M3,N3),"High demand + Stockout risk",IF(N3,"Stockout risk",IF(M3,"High demand","Healthy")))) -> Healthy | Q3: =IF(O3,"Pause next order",IF(OR(M3,N3),"Reorder immediately","No action")) -> No action | R3: =IF(O3,0,IF(M3,E3*Rules!$B$8,IF(N3,E3,0))) -> 0 | S3: =(D3+R3)/I3 -> 11.462687 | T3: =IF(OR(AND(M3,O3),AND(M3,Rules!$B$4),AND(R3>0,S3<K3),AND(R3>0,S3>L3)),"YES","No") -> No | U3: =IF(T3="YES",IF(AND(M3,O3),"High demand but overstocked: rules disagree.",IF(AND(M3,Rules!$B$4),"High demand in a festival month: 1.5x reorder and +25% boost may double-count the spike.",IF(AND(R3>0,S3<K3),"Standard qty leaves cover below minimum.","Cover after order exceeds maximum."))),IF(O3,"Cover above maximum: pause next order.",IF(R3>0,"Within limits after reorder: rule-based.","Stock within limits."))) -> Stock within limits. | X3: =IF(W3<>"",W3,IF(V3="Reject",0,IF(AND(T3="YES",V3=""),0,R3))) -> 0 | Y3: =SKU_Master!G3 -> DIST001
A4: =SKU_Master!A4 -> SKU003 | B4: =SKU_Master!B4 -> Freshroots Brown Rice 1kg | C4: =SKU_Master!D4 -> Low | D4: =INDEX(Inventory!$C:$C,MATCH(A4,Inventory!$A:$A,0)) -> 820 | E4: =SKU_Master!E4 -> 300 | F4: =SUMIFS(Sales_Wide!$B4:$Q4,Sales_Wide!$B$18:$Q$18,">"&(16-Rules!$B$13))/Rules!$B$13 -> 150.75 | G4: =SUMIFS(Sales_Wide!$B4:$Q4,Sales_Wide!$B$18:$Q$18,">"&(16-Rules!$B$14))/Rules!$B$14 -> 150.5 | H4: =F4/G4-1 -> 0.0016611296 | I4: =G4*Rules!$B$6 -> 188.125 | J4: =D4/I4 -> 4.358804 | K4: =IF(C4="High",Rules!$B$11,Rules!$B$9) -> 6 | L4: =IF(C4="High",Rules!$B$12,Rules!$B$10) -> 14 | M4: =H4>Rules!$B$7 -> FALSE | N4: =J4<K4 -> TRUE | O4: =J4>L4 -> FALSE | P4: =IF(O4,"Overstock risk",IF(AND(M4,N4),"High demand + Stockout risk",IF(N4,"Stockout risk",IF(M4,"High demand","Healthy")))) -> Stockout risk | Q4: =IF(O4,"Pause next order",IF(OR(M4,N4),"Reorder immediately","No action")) -> Reorder immediately | R4: =IF(O4,0,IF(M4,E4*Rules!$B$8,IF(N4,E4,0))) -> 300 | S4: =(D4+R4)/I4 -> 5.9534884 | T4: =IF(OR(AND(M4,O4),AND(M4,Rules!$B$4),AND(R4>0,S4<K4),AND(R4>0,S4>L4)),"YES","No") -> YES | U4: =IF(T4="YES",IF(AND(M4,O4),"High demand but overstocked: rules disagree.",IF(AND(M4,Rules!$B$4),"High demand in a festival month: 1.5x reorder and +25% boost may double-count the spike.",IF(AND(R4>0,S4<K4),"Standard qty leaves cover below minimum.","Cover after order exceeds maximum."))),IF(O4,"Cover above maximum: pause next order.",IF(R4>0,"Within limits after reorder: rule-based.","Stock within limits."))) -> Standard qty leaves cover below minimum. | X4: =IF(W4<>"",W4,IF(V4="Reject",0,IF(AND(T4="YES",V4=""),0,R4))) -> 0 | Y4: =SKU_Master!G4 -> DIST002
A5: =SKU_Master!A5 -> SKU004 | B5: =SKU_Master!B5 -> Freshroots Almond Milk 500ml | C5: =SKU_Master!D5 -> High | D5: =INDEX(Inventory!$C:$C,MATCH(A5,Inventory!$A:$A,0)) -> 180 | E5: =SKU_Master!E5 -> 150 | F5: =SUMIFS(Sales_Wide!$B5:$Q5,Sales_Wide!$B$18:$Q$18,">"&(16-Rules!$B$13))/Rules!$B$13 -> 81 | G5: =SUMIFS(Sales_Wide!$B5:$Q5,Sales_Wide!$B$18:$Q$18,">"&(16-Rules!$B$14))/Rules!$B$14 -> 79.833333 | H5: =F5/G5-1 -> 0.014613779 | I5: =G5*Rules!$B$6 -> 99.791667 | J5: =D5/I5 -> 1.8037578 | K5: =IF(C5="High",Rules!$B$11,Rules!$B$9) -> 3 | L5: =IF(C5="High",Rules!$B$12,Rules!$B$10) -> 4 | M5: =H5>Rules!$B$7 -> FALSE | N5: =J5<K5 -> TRUE | O5: =J5>L5 -> FALSE | P5: =IF(O5,"Overstock risk",IF(AND(M5,N5),"High demand + Stockout risk",IF(N5,"Stockout risk",IF(M5,"High demand","Healthy")))) -> Stockout risk | Q5: =IF(O5,"Pause next order",IF(OR(M5,N5),"Reorder immediately","No action")) -> Reorder immediately | R5: =IF(O5,0,IF(M5,E5*Rules!$B$8,IF(N5,E5,0))) -> 150 | S5: =(D5+R5)/I5 -> 3.3068894 | T5: =IF(OR(AND(M5,O5),AND(M5,Rules!$B$4),AND(R5>0,S5<K5),AND(R5>0,S5>L5)),"YES","No") -> No | U5: =IF(T5="YES",IF(AND(M5,O5),"High demand but overstocked: rules disagree.",IF(AND(M5,Rules!$B$4),"High demand in a festival month: 1.5x reorder and +25% boost may double-count the spike.",IF(AND(R5>0,S5<K5),"Standard qty leaves cover below minimum.","Cover after order exceeds maximum."))),IF(O5,"Cover above maximum: pause next order.",IF(R5>0,"Within limits after reorder: rule-based.","Stock within limits."))) -> Within limits after reorder: rule-based. | X5: =IF(W5<>"",W5,IF(V5="Reject",0,IF(AND(T5="YES",V5=""),0,R5))) -> 150 | Y5: =SKU_Master!G5 -> DIST002
A6: =SKU_Master!A6 -> SKU005 | B6: =SKU_Master!B6 -> Freshroots Mixed Nuts 100g | C6: =SKU_Master!D6 -> Low | D6: =INDEX(Inventory!$C:$C,MATCH(A6,Inventory!$A:$A,0)) -> 600 | E6: =SKU_Master!E6 -> 150 | F6: =SUMIFS(Sales_Wide!$B6:$Q6,Sales_Wide!$B$18:$Q$18,">"&(16-Rules!$B$13))/Rules!$B$13 -> 58.25 | G6: =SUMIFS(Sales_Wide!$B6:$Q6,Sales_Wide!$B$18:$Q$18,">"&(16-Rules!$B$14))/Rules!$B$14 -> 59.5 | H6: =F6/G6-1 -> -0.021008403 | I6: =G6*Rules!$B$6 -> 74.375 | J6: =D6/I6 -> 8.0672269 | K6: =IF(C6="High",Rules!$B$11,Rules!$B$9) -> 6 | L6: =IF(C6="High",Rules!$B$12,Rules!$B$10) -> 14 | M6: =H6>Rules!$B$7 -> FALSE | N6: =J6<K6 -> FALSE | O6: =J6>L6 -> FALSE | P6: =IF(O6,"Overstock risk",IF(AND(M6,N6),"High demand + Stockout risk",IF(N6,"Stockout risk",IF(M6,"High demand","Healthy")))) -> Healthy | Q6: =IF(O6,"Pause next order",IF(OR(M6,N6),"Reorder immediately","No action")) -> No action | R6: =IF(O6,0,IF(M6,E6*Rules!$B$8,IF(N6,E6,0))) -> 0 | S6: =(D6+R6)/I6 -> 8.0672269 | T6: =IF(OR(AND(M6,O6),AND(M6,Rules!$B$4),AND(R6>0,S6<K6),AND(R6>0,S6>L6)),"YES","No") -> No | U6: =IF(T6="YES",IF(AND(M6,O6),"High demand but overstocked: rules disagree.",IF(AND(M6,Rules!$B$4),"High demand in a festival month: 1.5x reorder and +25% boost may double-count the spike.",IF(AND(R6>0,S6<K6),"Standard qty leaves cover below minimum.","Cover after order exceeds maximum."))),IF(O6,"Cover above maximum: pause next order.",IF(R6>0,"Within limits after reorder: rule-based.","Stock within limits."))) -> Stock within limits. | X6: =IF(W6<>"",W6,IF(V6="Reject",0,IF(AND(T6="YES",V6=""),0,R6))) -> 0 | Y6: =SKU_Master!G6 -> DIST003
A7: =SKU_Master!A7 -> SKU006 | B7: =SKU_Master!B7 -> Freshroots Quinoa 500g | C7: =SKU_Master!D7 -> Low | D7: =INDEX(Inventory!$C:$C,MATCH(A7,Inventory!$A:$A,0)) -> 1100 | E7: =SKU_Master!E7 -> 100 | F7: =SUMIFS(Sales_Wide!$B7:$Q7,Sales_Wide!$B$18:$Q$18,">"&(16-Rules!$B$13))/Rules!$B$13 -> 40.25 | G7: =SUMIFS(Sales_Wide!$B7:$Q7,Sales_Wide!$B$18:$Q$18,">"&(16-Rules!$B$14))/Rules!$B$14 -> 39.583333 | H7: =F7/G7-1 -> 0.016842105 | I7: =G7*Rules!$B$6 -> 49.479167 | J7: =D7/I7 -> 22.231579 | K7: =IF(C7="High",Rules!$B$11,Rules!$B$9) -> 6 | L7: =IF(C7="High",Rules!$B$12,Rules!$B$10) -> 14 | M7: =H7>Rules!$B$7 -> FALSE | N7: =J7<K7 -> FALSE | O7: =J7>L7 -> TRUE | P7: =IF(O7,"Overstock risk",IF(AND(M7,N7),"High demand + Stockout risk",IF(N7,"Stockout risk",IF(M7,"High demand","Healthy")))) -> Overstock risk | Q7: =IF(O7,"Pause next order",IF(OR(M7,N7),"Reorder immediately","No action")) -> Pause next order | R7: =IF(O7,0,IF(M7,E7*Rules!$B$8,IF(N7,E7,0))) -> 0 | S7: =(D7+R7)/I7 -> 22.231579 | T7: =IF(OR(AND(M7,O7),AND(M7,Rules!$B$4),AND(R7>0,S7<K7),AND(R7>0,S7>L7)),"YES","No") -> No | U7: =IF(T7="YES",IF(AND(M7,O7),"High demand but overstocked: rules disagree.",IF(AND(M7,Rules!$B$4),"High demand in a festival month: 1.5x reorder and +25% boost may double-count the spike.",IF(AND(R7>0,S7<K7),"Standard qty leaves cover below minimum.","Cover after order exceeds maximum."))),IF(O7,"Cover above maximum: pause next order.",IF(R7>0,"Within limits after reorder: rule-based.","Stock within limits."))) -> Cover above maximum: pause next order. | X7: =IF(W7<>"",W7,IF(V7="Reject",0,IF(AND(T7="YES",V7=""),0,R7))) -> 0 | Y7: =SKU_Master!G7 -> DIST003
A8: =SKU_Master!A8 -> SKU007 | B8: =SKU_Master!B8 -> Freshroots Coconut Water 330ml | C8: =SKU_Master!D8 -> High | D8: =INDEX(Inventory!$C:$C,MATCH(A8,Inventory!$A:$A,0)) -> 620 | E8: =SKU_Master!E8 -> 400 | F8: =SUMIFS(Sales_Wide!$B8:$Q8,Sales_Wide!$B$18:$Q$18,">"&(16-Rules!$B$13))/Rules!$B$13 -> 133.5 | G8: =SUMIFS(Sales_Wide!$B8:$Q8,Sales_Wide!$B$18:$Q$18,">"&(16-Rules!$B$14))/Rules!$B$14 -> 121.5 | H8: =F8/G8-1 -> 0.098765432 | I8: =G8*Rules!$B$6 -> 151.875 | J8: =D8/I8 -> 4.0823045 | K8: =IF(C8="High",Rules!$B$11,Rules!$B$9) -> 3 | L8: =IF(C8="High",Rules!$B$12,Rules!$B$10) -> 4 | M8: =H8>Rules!$B$7 -> FALSE | N8: =J8<K8 -> FALSE | O8: =J8>L8 -> TRUE | P8: =IF(O8,"Overstock risk",IF(AND(M8,N8),"High demand + Stockout risk",IF(N8,"Stockout risk",IF(M8,"High demand","Healthy")))) -> Overstock risk | Q8: =IF(O8,"Pause next order",IF(OR(M8,N8),"Reorder immediately","No action")) -> Pause next order | R8: =IF(O8,0,IF(M8,E8*Rules!$B$8,IF(N8,E8,0))) -> 0 | S8: =(D8+R8)/I8 -> 4.0823045 | T8: =IF(OR(AND(M8,O8),AND(M8,Rules!$B$4),AND(R8>0,S8<K8),AND(R8>0,S8>L8)),"YES","No") -> No | U8: =IF(T8="YES",IF(AND(M8,O8),"High demand but overstocked: rules disagree.",IF(AND(M8,Rules!$B$4),"High demand in a festival month: 1.5x reorder and +25% boost may double-count the spike.",IF(AND(R8>0,S8<K8),"Standard qty leaves cover below minimum.","Cover after order exceeds maximum."))),IF(O8,"Cover above maximum: pause next order.",IF(R8>0,"Within limits after reorder: rule-based.","Stock within limits."))) -> Cover above maximum: pause next order. | X8: =IF(W8<>"",W8,IF(V8="Reject",0,IF(AND(T8="YES",V8=""),0,R8))) -> 0 | Y8: =SKU_Master!G8 -> DIST001
A9: =SKU_Master!A9 -> SKU008 | B9: =SKU_Master!B9 -> Freshroots Granola Bar 40g | C9: =SKU_Master!D9 -> Low | D9: =INDEX(Inventory!$C:$C,MATCH(A9,Inventory!$A:$A,0)) -> 950 | E9: =SKU_Master!E9 -> 300 | F9: =SUMIFS(Sales_Wide!$B9:$Q9,Sales_Wide!$B$18:$Q$18,">"&(16-Rules!$B$13))/Rules!$B$13 -> 103 | G9: =SUMIFS(Sales_Wide!$B9:$Q9,Sales_Wide!$B$18:$Q$18,">"&(16-Rules!$B$14))/Rules!$B$14 -> 108.75 | H9: =F9/G9-1 -> -0.052873563 | I9: =G9*Rules!$B$6 -> 135.9375 | J9: =D9/I9 -> 6.9885057 | K9: =IF(C9="High",Rules!$B$11,Rules!$B$9) -> 6 | L9: =IF(C9="High",Rules!$B$12,Rules!$B$10) -> 14 | M9: =H9>Rules!$B$7 -> FALSE | N9: =J9<K9 -> FALSE | O9: =J9>L9 -> FALSE | P9: =IF(O9,"Overstock risk",IF(AND(M9,N9),"High demand + Stockout risk",IF(N9,"Stockout risk",IF(M9,"High demand","Healthy")))) -> Healthy | Q9: =IF(O9,"Pause next order",IF(OR(M9,N9),"Reorder immediately","No action")) -> No action | R9: =IF(O9,0,IF(M9,E9*Rules!$B$8,IF(N9,E9,0))) -> 0 | S9: =(D9+R9)/I9 -> 6.9885057 | T9: =IF(OR(AND(M9,O9),AND(M9,Rules!$B$4),AND(R9>0,S9<K9),AND(R9>0,S9>L9)),"YES","No") -> No | U9: =IF(T9="YES",IF(AND(M9,O9),"High demand but overstocked: rules disagree.",IF(AND(M9,Rules!$B$4),"High demand in a festival month: 1.5x reorder and +25% boost may double-count the spike.",IF(AND(R9>0,S9<K9),"Standard qty leaves cover below minimum.","Cover after order exceeds maximum."))),IF(O9,"Cover above maximum: pause next order.",IF(R9>0,"Within limits after reorder: rule-based.","Stock within limits."))) -> Stock within limits. | X9: =IF(W9<>"",W9,IF(V9="Reject",0,IF(AND(T9="YES",V9=""),0,R9))) -> 0 | Y9: =SKU_Master!G9 -> DIST002
A10: =SKU_Master!A10 -> SKU009 | B10: =SKU_Master!B10 -> Freshroots Chia Seeds 200g | C10: =SKU_Master!D10 -> Low | D10: =INDEX(Inventory!$C:$C,MATCH(A10,Inventory!$A:$A,0)) -> 400 | E10: =SKU_Master!E10 -> 80 | F10: =SUMIFS(Sales_Wide!$B10:$Q10,Sales_Wide!$B$18:$Q$18,">"&(16-Rules!$B$13))/Rules!$B$13 -> 34.75 | G10: =SUMIFS(Sales_Wide!$B10:$Q10,Sales_Wide!$B$18:$Q$18,">"&(16-Rules!$B$14))/Rules!$B$14 -> 34.083333 | H10: =F10/G10-1 -> 0.019559902 | I10: =G10*Rules!$B$6 -> 42.604167 | J10: =D10/I10 -> 9.3887531 | K10: =IF(C10="High",Rules!$B$11,Rules!$B$9) -> 6 | L10: =IF(C10="High",Rules!$B$12,Rules!$B$10) -> 14 | M10: =H10>Rules!$B$7 -> FALSE | N10: =J10<K10 -> FALSE | O10: =J10>L10 -> FALSE | P10: =IF(O10,"Overstock risk",IF(AND(M10,N10),"High demand + Stockout risk",IF(N10,"Stockout risk",IF(M10,"High demand","Healthy")))) -> Healthy | Q10: =IF(O10,"Pause next order",IF(OR(M10,N10),"Reorder immediately","No action")) -> No action | R10: =IF(O10,0,IF(M10,E10*Rules!$B$8,IF(N10,E10,0))) -> 0 | S10: =(D10+R10)/I10 -> 9.3887531 | T10: =IF(OR(AND(M10,O10),AND(M10,Rules!$B$4),AND(R10>0,S10<K10),AND(R10>0,S10>L10)),"YES","No") -> No | U10: =IF(T10="YES",IF(AND(M10,O10),"High demand but overstocked: rules disagree.",IF(AND(M10,Rules!$B$4),"High demand in a festival month: 1.5x reorder and +25% boost may double-count the spike.",IF(AND(R10>0,S10<K10),"Standard qty leaves cover below minimum.","Cover after order exceeds maximum."))),IF(O10,"Cover above maximum: pause next order.",IF(R10>0,"Within limits after reorder: rule-based.","Stock within limits."))) -> Stock within limits. | X10: =IF(W10<>"",W10,IF(V10="Reject",0,IF(AND(T10="YES",V10=""),0,R10))) -> 0 | Y10: =SKU_Master!G10 -> DIST003
A11: =SKU_Master!A11 -> SKU010 | B11: =SKU_Master!B11 -> Freshroots Apple Cider Vinegar 500ml | C11: =SKU_Master!D11 -> Low | D11: =INDEX(Inventory!$C:$C,MATCH(A11,Inventory!$A:$A,0)) -> 260 | E11: =SKU_Master!E11 -> 60 | F11: =SUMIFS(Sales_Wide!$B11:$Q11,Sales_Wide!$B$18:$Q$18,">"&(16-Rules!$B$13))/Rules!$B$13 -> 24.75 | G11: =SUMIFS(Sales_Wide!$B11:$Q11,Sales_Wide!$B$18:$Q$18,">"&(16-Rules!$B$14))/Rules!$B$14 -> 24.416667 | H11: =F11/G11-1 -> 0.013651877 | I11: =G11*Rules!$B$6 -> 30.520833 | J11: =D11/I11 -> 8.5187713 | K11: =IF(C11="High",Rules!$B$11,Rules!$B$9) -> 6 | L11: =IF(C11="High",Rules!$B$12,Rules!$B$10) -> 14 | M11: =H11>Rules!$B$7 -> FALSE | N11: =J11<K11 -> FALSE | O11: =J11>L11 -> FALSE | P11: =IF(O11,"Overstock risk",IF(AND(M11,N11),"High demand + Stockout risk",IF(N11,"Stockout risk",IF(M11,"High demand","Healthy")))) -> Healthy | Q11: =IF(O11,"Pause next order",IF(OR(M11,N11),"Reorder immediately","No action")) -> No action | R11: =IF(O11,0,IF(M11,E11*Rules!$B$8,IF(N11,E11,0))) -> 0 | S11: =(D11+R11)/I11 -> 8.5187713 | T11: =IF(OR(AND(M11,O11),AND(M11,Rules!$B$4),AND(R11>0,S11<K11),AND(R11>0,S11>L11)),"YES","No") -> No | U11: =IF(T11="YES",IF(AND(M11,O11),"High demand but overstocked: rules disagree.",IF(AND(M11,Rules!$B$4),"High demand in a festival month: 1.5x reorder and +25% boost may double-count the spike.",IF(AND(R11>0,S11<K11),"Standard qty leaves cover below minimum.","Cover after order exceeds maximum."))),IF(O11,"Cover above maximum: pause next order.",IF(R11>0,"Within limits after reorder: rule-based.","Stock within limits."))) -> Stock within limits. | X11: =IF(W11<>"",W11,IF(V11="Reject",0,IF(AND(T11="YES",V11=""),0,R11))) -> 0 | Y11: =SKU_Master!G11 -> DIST004
A12: =SKU_Master!A12 -> SKU011 | B12: =SKU_Master!B12 -> Freshroots Multigrain Bread 400g | C12: =SKU_Master!D12 -> High | D12: =INDEX(Inventory!$C:$C,MATCH(A12,Inventory!$A:$A,0)) -> 460 | E12: =SKU_Master!E12 -> 500 | F12: =SUMIFS(Sales_Wide!$B12:$Q12,Sales_Wide!$B$18:$Q$18,">"&(16-Rules!$B$13))/Rules!$B$13 -> 209.25 | G12: =SUMIFS(Sales_Wide!$B12:$Q12,Sales_Wide!$B$18:$Q$18,">"&(16-Rules!$B$14))/Rules!$B$14 -> 204.33333 | H12: =F12/G12-1 -> 0.02406199 | I12: =G12*Rules!$B$6 -> 255.41667 | J12: =D12/I12 -> 1.8009788 | K12: =IF(C12="High",Rules!$B$11,Rules!$B$9) -> 3 | L12: =IF(C12="High",Rules!$B$12,Rules!$B$10) -> 4 | M12: =H12>Rules!$B$7 -> FALSE | N12: =J12<K12 -> TRUE | O12: =J12>L12 -> FALSE | P12: =IF(O12,"Overstock risk",IF(AND(M12,N12),"High demand + Stockout risk",IF(N12,"Stockout risk",IF(M12,"High demand","Healthy")))) -> Stockout risk | Q12: =IF(O12,"Pause next order",IF(OR(M12,N12),"Reorder immediately","No action")) -> Reorder immediately | R12: =IF(O12,0,IF(M12,E12*Rules!$B$8,IF(N12,E12,0))) -> 500 | S12: =(D12+R12)/I12 -> 3.7585644 | T12: =IF(OR(AND(M12,O12),AND(M12,Rules!$B$4),AND(R12>0,S12<K12),AND(R12>0,S12>L12)),"YES","No") -> No | U12: =IF(T12="YES",IF(AND(M12,O12),"High demand but overstocked: rules disagree.",IF(AND(M12,Rules!$B$4),"High demand in a festival month: 1.5x reorder and +25% boost may double-count the spike.",IF(AND(R12>0,S12<K12),"Standard qty leaves cover below minimum.","Cover after order exceeds maximum."))),IF(O12,"Cover above maximum: pause next order.",IF(R12>0,"Within limits after reorder: rule-based.","Stock within limits."))) -> Within limits after reorder: rule-based. | X12: =IF(W12<>"",W12,IF(V12="Reject",0,IF(AND(T12="YES",V12=""),0,R12))) -> 500 | Y12: =SKU_Master!G12 -> DIST004
A13: =SKU_Master!A13 -> SKU012 | B13: =SKU_Master!B13 -> Freshroots Herbal Tea 25 bags | C13: =SKU_Master!D13 -> Low | D13: =INDEX(Inventory!$C:$C,MATCH(A13,Inventory!$A:$A,0)) -> 480 | E13: =SKU_Master!E13 -> 150 | F13: =SUMIFS(Sales_Wide!$B13:$Q13,Sales_Wide!$B$18:$Q$18,">"&(16-Rules!$B$13))/Rules!$B$13 -> 60 | G13: =SUMIFS(Sales_Wide!$B13:$Q13,Sales_Wide!$B$18:$Q$18,">"&(16-Rules!$B$14))/Rules!$B$14 -> 56.75 | H13: =F13/G13-1 -> 0.057268722 | I13: =G13*Rules!$B$6 -> 70.9375 | J13: =D13/I13 -> 6.7665198 | K13: =IF(C13="High",Rules!$B$11,Rules!$B$9) -> 6 | L13: =IF(C13="High",Rules!$B$12,Rules!$B$10) -> 14 | M13: =H13>Rules!$B$7 -> FALSE | N13: =J13<K13 -> FALSE | O13: =J13>L13 -> FALSE | P13: =IF(O13,"Overstock risk",IF(AND(M13,N13),"High demand + Stockout risk",IF(N13,"Stockout risk",IF(M13,"High demand","Healthy")))) -> Healthy | Q13: =IF(O13,"Pause next order",IF(OR(M13,N13),"Reorder immediately","No action")) -> No action | R13: =IF(O13,0,IF(M13,E13*Rules!$B$8,IF(N13,E13,0))) -> 0 | S13: =(D13+R13)/I13 -> 6.7665198 | T13: =IF(OR(AND(M13,O13),AND(M13,Rules!$B$4),AND(R13>0,S13<K13),AND(R13>0,S13>L13)),"YES","No") -> No | U13: =IF(T13="YES",IF(AND(M13,O13),"High demand but overstocked: rules disagree.",IF(AND(M13,Rules!$B$4),"High demand in a festival month: 1.5x reorder and +25% boost may double-count the spike.",IF(AND(R13>0,S13<K13),"Standard qty leaves cover below minimum.","Cover after order exceeds maximum."))),IF(O13,"Cover above maximum: pause next order.",IF(R13>0,"Within limits after reorder: rule-based.","Stock within limits."))) -> Stock within limits. | X13: =IF(W13<>"",W13,IF(V13="Reject",0,IF(AND(T13="YES",V13=""),0,R13))) -> 0 | Y13: =SKU_Master!G13 -> DIST004
... A16: =SKU_Master!A16 -> SKU015 | B16: =SKU_Master!B16 -> Freshroots Honey 500g | C16: =SKU_Master!D16 -> Low | D16: =INDEX(Inventory!$C:$C,MATCH(A16,Inventory!$A:$A,0)) -> 360 | E16: =SKU_Master!E16 -> 80 | F16: =SUMIFS(Sales_Wide!$B16:$Q16,Sales_Wide!$B$18:$Q$18,">"&(16-Rules!$B$13))/Rules!$B$13 -> 28.75 | G16: =SUMIFS(Sales_Wide!$B16:$Q16,Sales_Wide!$B$18:$Q$18,">"&(16-Rules!$B$14))/Rules!$B$14 -> 29.833333 | H16: =F16/G16-1 -> -0.036312849 | I16: =G16*Rules!$B$6 -> 37.291667 | J16: =D16/I16 -> 9.6536313 | K16: =IF(C16="High",Rules!$B$11,Rules!$B$9) -> 6 | L16: =IF(C16="High",Rules!$B$12,Rules!$B$10) -> 14 | M16: =H16>Rules!$B$7 -> FALSE | N16: =J16<K16 -> FALSE | O16: =J16>L16 -> FALSE | P16: =IF(O16,"Overstock risk",IF(AND(M16,N16),"High demand + Stockout risk",IF(N16,"Stockout risk",IF(M16,"High demand","Healthy")))) -> Healthy | Q16: =IF(O16,"Pause next order",IF(OR(M16,N16),"Reorder immediately","No action")) -> No action | R16: =IF(O16,0,IF(M16,E16*Rules!$B$8,IF(N16,E16,0))) -> 0 | S16: =(D16+R16)/I16 -> 9.6536313 | T16: =IF(OR(AND(M16,O16),AND(M16,Rules!$B$4),AND(R16>0,S16<K16),AND(R16>0,S16>L16)),"YES","No") -> No | U16: =IF(T16="YES",IF(AND(M16,O16),"High demand but overstocked: rules disagree.",IF(AND(M16,Rules!$B$4),"High demand in a festival month: 1.5x reorder and +25% boost may double-count the spike.",IF(AND(R16>0,S16<K16),"Standard qty leaves cover below minimum.","Cover after order exceeds maximum."))),IF(O16,"Cover above maximum: pause next order.",IF(R16>0,"Within limits after reorder: rule-based.","Stock within limits."))) -> Stock within limits. | X16: =IF(W16<>"",W16,IF(V16="Reject",0,IF(AND(T16="YES",V16=""),0,R16))) -> 0 | Y16: =SKU_Master!G16 -> DIST003

Sheet PO Summary
A1: Summary
A2: Metric | B2: Value
A3: SKUs analysed | B3: =COUNTA(Recommendations!$A$2:$A$16) -> 15
A4: Stockout risk | B4: =COUNTIF(Recommendations!$N$2:$N$16,TRUE) -> 5
A5: Overstock risk (pause) | B5: =COUNTIF(Recommendations!$O$2:$O$16,TRUE) -> 2
A6: High demand | B6: =COUNTIF(Recommendations!$M$2:$M$16,TRUE) -> 1
A7: Healthy | B7: =COUNTIFS(Recommendations!$M$2:$M$16,FALSE,Recommendations!$N$2:$N$16,FALSE,Recommendations!$O$2:$O$16,FALSE) -> 8
A8: Sent to Raghav | B8: =COUNTIF(Recommendations!$T$2:$T$16,"YES") -> 3
A9: % handled by rules alone | B9: =1-B8/B3 -> 0.8
A10: Total recommended units | B10: =SUM(Recommendations!$R$2:$R$16) -> 1820
A11: Units released before Raghav reviews | B11: =SUMIFS(Recommendations!$R$2:$R$16,Recommendations!$T$2:$T$16,"No") -> 650
A12: Final units to procurement (after decisions) | B12: =SUM(Recommendations!$X$2:$X$16) -> 650
A14: Purchase orders by distributor
A15: Distributor ID | B15: Distributor | C15: Region | D15: SKUs to reorder | E15: Recommended units | F15: Units released* | G15: SKUs paused | H15: Awaiting Raghav | I15: Final units (after decisions) | J15: Approved By | K15: Approval date
A16: =Distributors!A2 -> DIST001 | B16: =Distributors!B2 -> NutriFlow Distributors | C16: =Distributors!C2 -> Maharashtra | D16: =COUNTIFS(Recommendations!$Y$2:$Y$16,A16,Recommendations!$R$2:$R$16,">0") -> 2 | E16: =SUMIFS(Recommendations!$R$2:$R$16,Recommendations!$Y$2:$Y$16,A16) -> 870 | F16: =SUMIFS(Recommendations!$R$2:$R$16,Recommendations!$Y$2:$Y$16,A16,Recommendations!$T$2:$T$16,"No") -> 0 | G16: =COUNTIFS(Recommendations!$Y$2:$Y$16,A16,Recommendations!$Q$2:$Q$16,"Pause next order") -> 1 | H16: =COUNTIFS(Recommendations!$Y$2:$Y$16,A16,Recommendations!$T$2:$T$16,"YES",Recommendations!$V$2:$V$16,"") -> 2 | I16: =SUMIFS(Recommendations!$X$2:$X$16,Recommendations!$Y$2:$Y$16,A16) -> 0
A17: =Distributors!A3 -> DIST002 | B17: =Distributors!B3 -> GrainPath Logistics | C17: =Distributors!C3 -> Maharashtra | D17: =COUNTIFS(Recommendations!$Y$2:$Y$16,A17,Recommendations!$R$2:$R$16,">0") -> 2 | E17: =SUMIFS(Recommendations!$R$2:$R$16,Recommendations!$Y$2:$Y$16,A17) -> 450 | F17: =SUMIFS(Recommendations!$R$2:$R$16,Recommendations!$Y$2:$Y$16,A17,Recommendations!$T$2:$T$16,"No") -> 150 | G17: =COUNTIFS(Recommendations!$Y$2:$Y$16,A17,Recommendations!$Q$2:$Q$16,"Pause next order") -> 0 | H17: =COUNTIFS(Recommendations!$Y$2:$Y$16,A17,Recommendations!$T$2:$T$16,"YES",Recommendations!$V$2:$V$16,"") -> 1 | I17: =SUMIFS(Recommendations!$X$2:$X$16,Recommendations!$Y$2:$Y$16,A17) -> 150
A18: =Distributors!A4 -> DIST003 | B18: =Distributors!B4 -> PeakSource Supply | C18: =Distributors!C4 -> Karnataka | D18: =COUNTIFS(Recommendations!$Y$2:$Y$16,A18,Recommendations!$R$2:$R$16,">0") -> 0 | E18: =SUMIFS(Recommendations!$R$2:$R$16,Recommendations!$Y$2:$Y$16,A18) -> 0 | F18: =SUMIFS(Recommendations!$R$2:$R$16,Recommendations!$Y$2:$Y$16,A18,Recommendations!$T$2:$T$16,"No") -> 0 | G18: =COUNTIFS(Recommendations!$Y$2:$Y$16,A18,Recommendations!$Q$2:$Q$16,"Pause next order") -> 1 | H18: =COUNTIFS(Recommendations!$Y$2:$Y$16,A18,Recommendations!$T$2:$T$16,"YES",Recommendations!$V$2:$V$16,"") -> 0 | I18: =SUMIFS(Recommendations!$X$2:$X$16,Recommendations!$Y$2:$Y$16,A18) -> 0
A19: =Distributors!A5 -> DIST004 | B19: =Distributors!B5 -> Meridian Trade Co. | C19: =Distributors!C5 -> Gujarat | D19: =COUNTIFS(Recommendations!$Y$2:$Y$16,A19,Recommendations!$R$2:$R$16,">0") -> 1 | E19: =SUMIFS(Recommendations!$R$2:$R$16,Recommendations!$Y$2:$Y$16,A19) -> 500 | F19: =SUMIFS(Recommendations!$R$2:$R$16,Recommendations!$Y$2:$Y$16,A19,Recommendations!$T$2:$T$16,"No") -> 500 | G19: =COUNTIFS(Recommendations!$Y$2:$Y$16,A19,Recommendations!$Q$2:$Q$16,"Pause next order") -> 0 | H19: =COUNTIFS(Recommendations!$Y$2:$Y$16,A19,Recommendations!$T$2:$T$16,"YES",Recommendations!$V$2:$V$16,"") -> 0 | I19: =SUMIFS(Recommendations!$X$2:$X$16,Recommendations!$Y$2:$Y$16,A19) -> 500
A20: Total | D20: =SUM(D16:D19) -> 5 | E20: =SUM(E16:E19) -> 1820 | F20: =SUM(F16:F19) -> 650 | G20: =SUM(G16:G19) -> 2 | H20: =SUM(H16:H19) -> 3 | I20: =SUM(I16:I19) -> 650
A22: * Released before Raghav has reviewed flagged SKUs; rises once he approves them. Procurement places orders in Zoho only after "Approved By" and the date are filled in.

Sheet Rules
A1: Parameter | B1: Value | C1: Source / note
A2: As-of date | B2: =Inventory!D2 -> 46314 | C2: Inventory!D2 (current_inventory.csv)
A3: Planning month | B3: =TEXT(B2,"yyyy-mm") -> 2026-10 | C3: Derived from as-of date
A4: Festival month? | B4: =INDEX(Calendar!D:D,MATCH(B3,Calendar!C:C,0)) -> TRUE | C4: Looked up in Calendar tab
A5: Festival boost | B5: 0.25 | C5: Case brief (rule 4)
A6: Demand multiplier used | B6: =1+IF(B4,B5,0) -> 1.25 | C6: 1 + boost if festival month
A7: High-demand trigger | B7: 0.2 | C7: Case brief (rule 1)
A8: High-demand reorder multiplier | B8: 1.5 | C8: Case brief (rule 1)
A9: Min weeks of stock - low perishability | B9: 6 | C9: Case brief (rule 2)
A10: Max weeks of stock - low perishability | B10: 14 | C10: Case brief (rule 3)
A11: Min weeks of stock - high perishability | B11: 3 | C11: Case brief (rule 5)
A12: Max weeks of stock - high perishability | B12: 4 | C12: Case brief (rule 5)
A13: Recent averaging window (weeks) | B13: 4 | C13: Case brief
A14: Long averaging window (weeks) | B14: 12 | C14: Case brief
A16: Documented assumptions
A17: 1. "Average weekly sales" in the stock checks = 12-week average x festival multiplier (boost applied before thresholds, per the brief).
A18: 2. High-demand check compares the real 4-week avg to the real 12-week avg; boosting both would cancel out, so no boost here.
A19: 3. High demand in a festival month may double-count the same spike (1.5x reorder + 25% boost), so those SKUs go to Raghav.
A20: 4. Supplier lead times are not in the seed data; weeks of stock are measured against current stock only.
A21: 5. Sales are by product, not distributor. Distributor_ID in SKU_Master is used only to group purchase orders.
A22: 6. Safe default: a flagged SKU releases 0 units until Raghav chooses Approve / Modify / Reject. Nothing reaches procurement unreviewed.
A23: Blue text on yellow = editable input. Change any value and every recommendation recalculates.

Sheet Sales_Wide
A1: SKU_ID | B1: 2026-W27 | C1: 2026-W28 | D1: 2026-W29 | E1: 2026-W30 | F1: 2026-W31 | G1: 2026-W32 | H1: 2026-W33 | I1: 2026-W34 | J1: 2026-W35 | K1: 2026-W36 | L1: 2026-W37 | M1: 2026-W38 | N1: 2026-W39 | O1: 2026-W40 | P1: 2026-W41 | Q1: 2026-W42
A2: SKU001 | B2: 194 | C2: 188 | D2: 204 | E2: 186 | F2: 201 | G2: 195 | H2: 185 | I2: 200 | J2: 185 | K2: 197 | L2: 186 | M2: 186 | N2: 261 | O2: 267 | P2: 257 | Q2: 259
A3: SKU002 | B3: 86 | C3: 91 | D3: 86 | E3: 83 | F3: 91 | G3: 78 | H3: 89 | I3: 82 | J3: 80 | K3: 79 | L3: 82 | M3: 89 | N3: 80 | O3: 86 | P3: 86 | Q3: 83
A4: SKU003 | B4: 151 | C4: 139 | D4: 139 | E4: 142 | F4: 154 | G4: 148 | H4: 145 | I4: 152 | J4: 148 | K4: 145 | L4: 157 | M4: 154 | N4: 143 | O4: 151 | P4: 150 | Q4: 159
A5: SKU004 | B5: 82 | C5: 77 | D5: 86 | E5: 75 | F5: 78 | G5: 83 | H5: 75 | I5: 79 | J5: 74 | K5: 82 | L5: 83 | M5: 80 | N5: 84 | O5: 77 | P5: 82 | Q5: 81
A6: SKU005 | B6: 60 | C6: 59 | D6: 63 | E6: 64 | F6: 59 | G6: 61 | H6: 55 | I6: 61 | J6: 61 | K6: 64 | L6: 63 | M6: 57 | N6: 58 | O6: 61 | P6: 55 | Q6: 59
A7: SKU006 | B7: 37 | C7: 37 | D7: 37 | E7: 41 | F7: 37 | G7: 38 | H7: 39 | I7: 42 | J7: 37 | K7: 39 | L7: 40 | M7: 42 | N7: 42 | O7: 42 | P7: 38 | Q7: 39
A8: SKU007 | B8: 117 | C8: 127 | D8: 128 | E8: 113 | F8: 113 | G8: 114 | H8: 114 | I8: 119 | J8: 121 | K8: 115 | L8: 110 | M8: 118 | N8: 131 | O8: 133 | P8: 136 | Q8: 134
A9: SKU008 | B9: 110 | C9: 112 | D9: 113 | E9: 102 | F9: 117 | G9: 114 | H9: 116 | I9: 115 | J9: 108 | K9: 108 | L9: 103 | M9: 112 | N9: 102 | O9: 102 | P9: 104 | Q9: 104
A10: SKU009 | B10: 34 | C10: 32 | D10: 32 | E10: 33 | F10: 32 | G10: 34 | H10: 32 | I10: 37 | J10: 35 | K10: 33 | L10: 33 | M10: 34 | N10: 34 | O10: 32 | P10: 36 | Q10: 37
A11: SKU010 | B11: 24 | C11: 24 | D11: 23 | E11: 23 | F11: 24 | G11: 24 | H11: 26 | I11: 23 | J11: 23 | K11: 26 | L11: 25 | M11: 23 | N11: 25 | O11: 23 | P11: 25 | Q11: 26
A12: SKU011 | B12: 211 | C12: 206 | D12: 192 | E12: 195 | F12: 189 | G12: 208 | H12: 201 | I12: 208 | J12: 194 | K12: 191 | L12: 209 | M12: 215 | N12: 211 | O12: 209 | P12: 210 | Q12: 207
A13: SKU012 | B13: 52 | C13: 55 | D13: 53 | E13: 50 | F13: 50 | G13: 53 | H13: 52 | I13: 56 | J13: 59 | K13: 54 | L13: 58 | M13: 59 | N13: 62 | O13: 60 | P13: 59 | Q13: 59
... A18: Week index (helper) | B18: 1 | C18: 2 | D18: 3 | E18: 4 | F18: 5 | G18: 6 | H18: 7 | I18: 8 | J18: 9 | K18: 10 | L18: 11 | M18: 12 | N18: 13 | O18: 14 | P18: 15 | Q18: 16

Sheet SKU_Master
A1: SKU_ID | B1: SKU_Name | C1: Category | D1: Perishability | E1: Standard_Reorder_Qty | F1: Unit_of_Measure | G1: Distributor_ID
A2: SKU001 | B2: Freshroots Mango Drink 200ml | C2: Beverage | D2: Low | E2: 500 | F2: Units | G2: DIST001
A3: SKU002 | B3: Freshroots Oats Cookies 150g | C3: Snack | D3: Low | E3: 200 | F3: Units | G3: DIST001
A4: SKU003 | B4: Freshroots Brown Rice 1kg | C4: Staple | D4: Low | E4: 300 | F4: Units | G4: DIST002
A5: SKU004 | B5: Freshroots Almond Milk 500ml | C5: Dairy Alt | D5: High | E5: 150 | F5: Units | G5: DIST002
A6: SKU005 | B6: Freshroots Mixed Nuts 100g | C6: Snack | D6: Low | E6: 150 | F6: Units | G6: DIST003
A7: SKU006 | B7: Freshroots Quinoa 500g | C7: Staple | D7: Low | E7: 100 | F7: Units | G7: DIST003
A8: SKU007 | B8: Freshroots Coconut Water 330ml | C8: Beverage | D8: High | E8: 400 | F8: Units | G8: DIST001
A9: SKU008 | B9: Freshroots Granola Bar 40g | C9: Snack | D9: Low | E9: 300 | F9: Units | G9: DIST002
A10: SKU009 | B10: Freshroots Chia Seeds 200g | C10: Staple | D10: Low | E10: 80 | F10: Units | G10: DIST003
A11: SKU010 | B11: Freshroots Apple Cider Vinegar 500ml | C11: Condiment | D11: Low | E11: 60 | F11: Units | G11: DIST004
A12: SKU011 | B12: Freshroots Multigrain Bread 400g | C12: Staple | D12: High | E12: 500 | F12: Units | G12: DIST004
A13: SKU012 | B13: Freshroots Herbal Tea 25 bags | C13: Beverage | D13: Low | E13: 150 | F13: Units | G13: DIST004
... A16: SKU015 | B16: Freshroots Honey 500g | C16: Condiment | D16: Low | E16: 80 | F16: Units | G16: DIST003

Sheet Inventory
A1: SKU_ID | B1: Location | C1: Units_On_Hand | D1: As_Of_Date
A2: SKU001 | B2: Pune Central Warehouse | C2: 900 | D2: 46314
A3: SKU002 | B3: Pune Central Warehouse | C3: 1200 | D3: 46314
A4: SKU003 | B4: Pune Central Warehouse | C4: 820 | D4: 46314
A5: SKU004 | B5: Pune Central Warehouse | C5: 180 | D5: 46314
A6: SKU005 | B6: Pune Central Warehouse | C6: 600 | D6: 46314
A7: SKU006 | B7: Pune Central Warehouse | C7: 1100 | D7: 46314
A8: SKU007 | B8: Pune Central Warehouse | C8: 620 | D8: 46314
A9: SKU008 | B9: Pune Central Warehouse | C9: 950 | D9: 46314
A10: SKU009 | B10: Pune Central Warehouse | C10: 400 | D10: 46314
A11: SKU010 | B11: Pune Central Warehouse | C11: 260 | D11: 46314
A12: SKU011 | B12: Pune Central Warehouse | C12: 460 | D12: 46314
A13: SKU012 | B13: Pune Central Warehouse | C13: 480 | D13: 46314
... A16: SKU015 | B16: Pune Central Warehouse | C16: 360 | D16: 46314

Sheet Calendar
A1: Year | B1: Month | C1: Year_Month | D1: Is_Festival_Month
A2: 2025 | B2: 1 | C2: 2025-01 | D2: FALSE
A3: 2025 | B3: 2 | C3: 2025-02 | D3: FALSE
A4: 2025 | B4: 3 | C4: 2025-03 | D4: TRUE
A5: 2025 | B5: 4 | C5: 2025-04 | D5: FALSE
A6: 2025 | B6: 5 | C6: 2025-05 | D6: FALSE
A7: 2025 | B7: 6 | C7: 2025-06 | D7: FALSE
A8: 2025 | B8: 7 | C8: 2025-07 | D8: FALSE
A9: 2025 | B9: 8 | C9: 2025-08 | D9: FALSE
A10: 2025 | B10: 9 | C10: 2025-09 | D10: FALSE
A11: 2025 | B11: 10 | C11: 2025-10 | D11: TRUE
A12: 2025 | B12: 11 | C12: 2025-11 | D12: TRUE
A13: 2025 | B13: 12 | C13: 2025-12 | D13: FALSE
... A25: 2026 | B25: 12 | C25: 2026-12 | D25: FALSE

Sheet Distributors
A1: Distributor_ID | B1: Distributor_Name | C1: Region | D1: Status
A2: DIST001 | B2: NutriFlow Distributors | C2: Maharashtra | D2: Active
A3: DIST002 | B3: GrainPath Logistics | C3: Maharashtra | D3: Active
A4: DIST003 | B4: PeakSource Supply | C4: Karnataka | D4: Active
A5: DIST004 | B5: Meridian Trade Co. | C5: Gujarat | D5: Active
